{
  "best_global_step": null,
  "best_metric": null,
  "best_model_checkpoint": null,
  "epoch": 2.0,
  "eval_steps": 500,
  "global_step": 42,
  "is_hyper_param_search": false,
  "is_local_process_zero": true,
  "is_world_process_zero": true,
  "log_history": [
    {
      "epoch": 0.49382716049382713,
      "grad_norm": 1.814070701599121,
      "learning_rate": 0.00017142857142857143,
      "loss": 1.6209,
      "step": 10
    },
    {
      "epoch": 0.9876543209876543,
      "grad_norm": 1.694770097732544,
      "learning_rate": 0.00013968253968253967,
      "loss": 1.2963,
      "step": 20
    },
    {
      "epoch": 1.4444444444444444,
      "grad_norm": 0.9468105435371399,
      "learning_rate": 0.00010793650793650794,
      "loss": 1.0957,
      "step": 30
    },
    {
      "epoch": 1.9382716049382716,
      "grad_norm": 1.0997422933578491,
      "learning_rate": 7.619047619047618e-05,
      "loss": 1.0211,
      "step": 40
    }
  ],
  "logging_steps": 10,
  "max_steps": 63,
  "num_input_tokens_seen": 0,
  "num_train_epochs": 3,
  "save_steps": 500,
  "stateful_callbacks": {
    "TrainerControl": {
      "args": {
        "should_epoch_stop": false,
        "should_evaluate": false,
        "should_log": false,
        "should_save": true,
        "should_training_stop": false
      },
      "attributes": {}
    }
  },
  "total_flos": 2790528770899968.0,
  "train_batch_size": 2,
  "trial_name": null,
  "trial_params": null
}
